Word,DictionaryForm,NormalizedForm,PartOfSpeech,Count,Files
の,の,の,助詞 格助詞 * * * *,128,2
だ,だ,だ,助動詞 * * * 助動詞-ダ 終止形-一般,99,2
加藤,加藤,加藤,名詞 固有名詞 人名 姓 * *,95,2
は,は,は,助詞 係助詞 * * * *,86,2
て,て,て,助詞 接続助詞 * * * *,66,2
に,に,に,助詞 格助詞 * * * *,64,2
を,を,を,助詞 格助詞 * * * *,60,2
が,が,が,助詞 格助詞 * * * *,52,2
た,た,た,助動詞 * * * 助動詞-タ 終止形-一般,50,2
で,で,で,助詞 格助詞 * * * *,50,2
よ,よ,よ,助詞 終助詞 * * * *,50,2
か,か,か,助詞 終助詞 * * * *,47,2
ん,ん,の,助詞 準体助詞 * * * *,47,2
音,音,音,名詞 普通名詞 一般 * * *,42,2
大助,大助,大助,名詞 固有名詞 人名 名 * *,40,2
と,と,と,助詞 格助詞 * * * *,35,2
も,も,も,助詞 係助詞 * * * *,34,2
ヨーコ,ヨーコ,ヨーコ,名詞 固有名詞 人名 名 * *,32,1
ヒロシ,ヒロシ,ヒロシ,名詞 固有名詞 人名 名 * *,31,1
亀井,亀井,亀井,名詞 固有名詞 人名 姓 * *,30,2
た,た,た,助動詞 * * * 助動詞-タ 連体形-一般,29,2
です,です,です,助動詞 * * * 助動詞-デス 終止形-一般,28,2
な,だ,だ,助動詞 * * * 助動詞-ダ 連体形-一般,28,2
あっ,あっ,あっ,感動詞 一般 * * * *,25,2
し,する,為る,動詞 非自立可能 * * サ行変格 連用形-一般,24,2
なん,なん,何,代名詞 * * * * *,24,2
〜,〜,〜,補助記号 一般 * * * *,23,2
っす,っす,っす,助動詞 * * * 助動詞-デス 終止形-一般,23,2
な,な,な,助詞 終助詞 * * * *,23,2
の,の,の,助詞 準体助詞 * * * *,23,2
さん,さん,さん,接尾辞 名詞的 一般 * * *,22,2
あ,あ,あっ,感動詞 一般 * * * *,21,2
おい,おい,おい,感動詞 一般 * * * *,21,2
で,だ,だ,助動詞 * * * 助動詞-ダ 連用形-一般,21,2
ね,ね,ね,助詞 終助詞 * * * *,20,2
俺,俺,俺,代名詞 * * * * *,20,2
から,から,から,助詞 格助詞 * * * *,19,2
か,か,か,助詞 副助詞 * * * *,18,2
って,って,って,助詞 副助詞 * * * *,18,2
芸人,芸人,芸人,名詞 普通名詞 一般 * * *,18,1
三田,三田,三田,名詞 固有名詞 地名 一般 * *,17,1
こと,こと,こと,名詞 普通名詞 一般 * * *,16,2
どう,どう,どう,副詞 * * * * *,16,2
まし,ます,ます,助動詞 * * * 助動詞-マス 連用形-一般,16,2
うっ,うっ,うう,感動詞 一般 * * * *,15,2
てる,てる,てる,助動詞 * * * 下一段-タ行 終止形-一般,15,2
お前,お前,御前,代名詞 * * * * *,14,2
じゃ,だ,だ,助動詞 * * * 助動詞-ダ 連用形-融合,14,2
ん,ん,ん,助詞 格助詞 * * * *,14,2
車,車,車,名詞 普通名詞 一般 * * *,14,2
ああ,ああ,ああ,感動詞 一般 * * * *,12,2
お,お,御,接頭辞 * * * * *,12,2
ここ,ここ,此処,代名詞 * * * * *,12,2
この,この,此の,連体詞 * * * * *,12,2
ぞ,ぞ,ぞ,助詞 終助詞 * * * *,12,2
に,だ,だ,助動詞 * * * 助動詞-ダ 連用形-ニ,12,2
ます,ます,ます,助動詞 * * * 助動詞-マス 終止形-一般,12,2
一,一,1,名詞 数詞 * * * *,12,2
え,え,え,助詞 終助詞 * * * *,11,2
ねえ,ない,無い,形容詞 非自立可能 * * 形容詞 終止形-一般,11,2
課,課,課,名詞 普通名詞 助数詞可能 * * *,11,2
から,から,から,助詞 接続助詞 * * * *,10,2
それ,それ,其れ,代名詞 * * * * *,10,2
たち,たち,達,接尾辞 名詞的 一般 * * *,10,2
だろ,だ,だ,助動詞 * * * 助動詞-ダ 意志推量形,10,2
なっ,なる,成る,動詞 非自立可能 * * 五段-ラ行 連用形-促音便,10,2
ねえ,ない,ない,助動詞 * * * 助動詞-ナイ 終止形-一般,10,2
やっ,やる,遣る,動詞 非自立可能 * * 五段-ラ行 連用形-促音便,10,2
ヒュスク,ヒュスク,ヒュスク,名詞 普通名詞 一般 * * *,10,2
女,女,女,名詞 普通名詞 一般 * * *,10,2
清水,清水,清水,名詞 固有名詞 人名 姓 * *,10,2
けど,けど,けれど,助詞 接続助詞 * * * *,9,2
これ,これ,此れ,代名詞 * * * * *,9,2
ない,ない,無い,形容詞 非自立可能 * * 形容詞 終止形-一般,9,2
れ,れる,れる,助動詞 * * * 助動詞-レル 連用形-一般,9,2
神戸,神戸,神戸,名詞 固有名詞 地名 一般 * *,9,2
伊勢崎,伊勢崎,伊勢崎,名詞 固有名詞 地名 一般 * *,9,1
くっ,くっ,くっ,感動詞 一般 * * * *,8,2
す,す,っす,助動詞 * * * 助動詞-デス 終止形-一般,8,2
ヤツ,ヤツ,奴,名詞 普通名詞 一般 * * *,8,2
誰,誰,誰,代名詞 * * * * *,8,2
あの,あの,彼の,連体詞 * * * * *,8,1
ある,ある,有る,動詞 非自立可能 * * 五段-ラ行 連体形-一般,7,2
あれ,あれ,彼れ,代名詞 * * * * *,7,2
いい,いい,良い,形容詞 非自立可能 * * 形容詞 連体形-一般,7,2
いや,いや,否,感動詞 一般 * * * *,7,2
し,し,し,助詞 接続助詞 * * * *,7,2
ちょっと,ちょっと,一寸,副詞 * * * * *,7,2
て,てる,てる,助動詞 * * * 下一段-タ行 連体形-省略,7,2
てる,てる,てる,助動詞 * * * 下一段-タ行 連体形-一般,7,2
でしょ,です,です,助動詞 * * * 助動詞-デス 意志推量形,7,2
ん,ぬ,ず,助動詞 * * * 助動詞-ヌ 終止形-撥音便,7,2
クソッ,クソッ,くそ,感動詞 一般 * * * *,7,2
何,何,何,代名詞 * * * * *,7,2
組,組,組,名詞 普通名詞 助数詞可能 * * *,7,2
無理,無理,無理,名詞 普通名詞 形状詞可能 * * *,7,1
えっ,えっ,えっ,感動詞 一般 * * * *,6,2
する,する,為る,動詞 非自立可能 * * サ行変格 終止形-一般,6,2
そう,そう,そう,副詞 * * * * *,6,2
ため,ため,為,名詞 普通名詞 副詞可能 * * *,6,2
ちゃん,ちゃん,ちゃん,接尾辞 名詞的 一般 * * *,6,2
みたい,みたい,みたい,形状詞 助動詞語幹 * * * *,6,2
もう,もう,もう,副詞 * * * * *,6,2
ら,ら,等,接尾辞 名詞的 一般 * * *,6,2
ドア,ドア,ドア,名詞 普通名詞 一般 * * *,6,2
一体,一体,一体,名詞 普通名詞 一般 * * *,6,2
全て,全て,全て,名詞 普通名詞 副詞可能 * * *,6,2
時,時,時,名詞 普通名詞 助数詞可能 * * *,6,2
男,男,男,名詞 普通名詞 一般 * * *,6,2
シャッター,シャッター,シャッター,名詞 普通名詞 一般 * * *,6,1
星野,星野,星野,名詞 固有名詞 人名 姓 * *,6,1
本山,本山,本山,名詞 普通名詞 一般 * * *,6,1
権田原,権田原,権田原,名詞 固有名詞 地名 一般 * *,6,1
無線,無線,無線,名詞 普通名詞 一般 * * *,6,1
あと,あと,後,名詞 普通名詞 副詞可能 * * *,5,2
あり,ある,有る,動詞 非自立可能 * * 五段-ラ行 連用形-一般,5,2
いい,いい,良い,形容詞 非自立可能 * * 形容詞 終止形-一般,5,2
いる,いる,居る,動詞 非自立可能 * * 上一段-ア行 終止形-一般,5,2
が,が,が,助詞 接続助詞 * * * *,5,2
つもり,つもり,積もり,名詞 普通名詞 一般 * * *,5,2
てん,てる,てる,助動詞 * * * 下一段-タ行 連体形-撥音便,5,2
なっ,なっ,なあ,感動詞 一般 * * * *,5,2
ば,ば,ば,助詞 接続助詞 * * * *,5,2
ませ,ます,ます,助動詞 * * * 助動詞-マス 未然形-一般,5,2
まで,まで,まで,助詞 副助詞 * * * *,5,2
よう,よう,様,形状詞 助動詞語幹 * * * *,5,2
分,分,分,名詞 普通名詞 助数詞可能 * * *,5,2
別,別,別,名詞 普通名詞 形状詞可能 * * *,5,2
早く,早い,早い,形容詞 一般 * * 形容詞 連用形-一般,5,2
金,金,金,名詞 普通名詞 一般 * * *,5,2
あっ,ある,有る,動詞 非自立可能 * * 五段-ラ行 連用形-促音便,5,1
え,え,えっ,感動詞 一般 * * * *,5,1
て,てる,てる,助動詞 * * * 下一段-タ行 連用形-一般,5,1
パトカー,パトカー,パトカー,名詞 普通名詞 一般 * * *,5,1
パーティー,パーティー,パーティー,名詞 普通名詞 一般 * * *,5,1
ヤクザ,ヤクザ,やくざ,名詞 普通名詞 形状詞可能 * * *,5,1
仲本,仲本,仲本,名詞 固有名詞 人名 姓 * *,5,1
子,子,子,名詞 普通名詞 一般 * * *,5,1
店員,店員,店員,名詞 普通名詞 一般 * * *,5,1
犯人,犯人,犯人,名詞 普通名詞 一般 * * *,5,1
衝撃,衝撃,衝撃,名詞 普通名詞 一般 * * *,5,1
買っ,買う,買う,動詞 一般 * * 五段-ワア行 連用形-促音便,5,1
あいつ,あいつ,彼奴,代名詞 * * * * *,4,2
あれ,あれ,あれ,感動詞 一般 * * * *,4,2
い,いる,居る,動詞 非自立可能 * * 上一段-ア行 連用形-一般,4,2
いくら,いくら,幾ら,名詞 普通名詞 副詞可能 * * *,4,2
いたし,いたす,致す,動詞 非自立可能 * * 五段-サ行 連用形-一般,4,2
いる,いる,居る,動詞 非自立可能 * * 上一段-ア行 連体形-一般,4,2
え,え,えー,感動詞 フィラー * * * *,4,2
ええ,ええ,ええ,感動詞 一般 * * * *,4,2
かける,かける,掛ける,動詞 非自立可能 * * 下一段-カ行 連体形-一般,4,2
き,くる,来る,動詞 非自立可能 * * カ行変格 連用形-一般,4,2
しかし,しかし,然し,接続詞 * * * * *,4,2
しろ,する,為る,動詞 非自立可能 * * サ行変格 命令形,4,2
する,する,為る,動詞 非自立可能 * * サ行変格 連体形-一般,4,2
たら,た,た,助動詞 * * * 助動詞-タ 仮定形-一般,4,2
つい,つく,つく,動詞 一般 * * 五段-カ行 連用形-イ音便,4,2
ない,ない,ない,助動詞 * * * 助動詞-ナイ 連体形-一般,4,2
ない,ない,ない,助動詞 * * * 助動詞-ナイ 終止形-一般,4,2
ない,ない,無い,形容詞 非自立可能 * * 形容詞 連体形-一般,4,2
なぜ,なぜ,何故,副詞 * * * * *,4,2
はい,はい,はい,感動詞 一般 * * * *,4,2
やがっ,やがる,やがる,助動詞 * * * 五段-ラ行 連用形-促音便,4,2
らしい,らしい,らしい,助動詞 * * * 助動詞-ラシイ 終止形-一般,4,2
ん,ん,んっ,感動詞 一般 * * * *,4,2
エンジン,エンジン,エンジン,名詞 普通名詞 一般 * * *,4,2
ハア,ハア,はあ,感動詞 一般 * * * *,4,2
バック,バック,バック,名詞 普通名詞 サ変可能 * * *,4,2
君,君,君,接尾辞 名詞的 一般 * * *,4,2
店,店,店,名詞 普通名詞 一般 * * *,4,2
捜査,捜査,捜査,名詞 普通名詞 サ変可能 * * *,4,2
来,来る,来る,動詞 非自立可能 * * カ行変格 連用形-一般,4,2
神戸,神戸,神戸,名詞 固有名詞 人名 姓 * *,4,2
聞い,聞く,聞く,動詞 一般 * * 五段-カ行 連用形-イ音便,4,2
逮捕,逮捕,逮捕,名詞 普通名詞 サ変可能 * * *,4,2
野郎,野郎,野郎,名詞 普通名詞 一般 * * *,4,2
･,・,・,補助記号 一般 * * * *,4,2
い,いる,居る,動詞 非自立可能 * * 上一段-ア行 未然形-一般,4,1
ううっ,ううっ,うう,感動詞 一般 * * * *,4,1
おっ,おっ,おっ,感動詞 一般 * * * *,4,1
だっ,だ,だ,助動詞 * * * 助動詞-ダ 連用形-促音便,4,1
どういう,どういう,どういう,連体詞 * * * * *,4,1
におい,におい,匂い,名詞 普通名詞 一般 * * *,4,1
アキコ,アキコ,アキコ,名詞 固有名詞 人名 名 * *,4,1
サッ,サッ,サッ,名詞 固有名詞 人名 一般 * *,4,1
マジ,マジ,まじ,形状詞 一般 * * * *,4,1
人,人,人,名詞 普通名詞 一般 * * *,4,1
伊勢崎,伊勢崎,伊勢崎,名詞 固有名詞 人名 姓 * *,4,1
前,前,前,名詞 普通名詞 副詞可能 * * *,4,1
嗅ぐ,嗅ぐ,嗅ぐ,動詞 一般 * * 五段-ガ行 連体形-一般,4,1
声,声,声,名詞 普通名詞 一般 * * *,4,1
宝石,宝石,宝石,名詞 普通名詞 一般 * * *,4,1
情報,情報,情報,名詞 普通名詞 一般 * * *,4,1
星田,星田,星田,名詞 固有名詞 人名 姓 * *,4,1
梅津,梅津,梅津,名詞 固有名詞 人名 姓 * *,4,1
梅津,梅津,梅津,名詞 固有名詞 地名 一般 * *,4,1
王子,王子,王子,名詞 普通名詞 一般 * * *,4,1
芸能,芸能,芸能,名詞 普通名詞 一般 * * *,4,1
警視総監,警視総監,警視総監,名詞 普通名詞 一般 * * *,4,1
部,部,部,名詞 普通名詞 助数詞可能 * * *,4,1
鈴江,鈴江,鈴江,名詞 固有名詞 人名 名 * *,4,1
黒髪,黒髪,黒髪,名詞 普通名詞 一般 * * *,4,1
ある,ある,或る,連体詞 * * * * *,3,2
あんた,あんた,貴方,代名詞 * * * * *,3,2
い,い,い,助詞 終助詞 * * * *,3,2
うわあ,うわあ,うわ,感動詞 一般 * * * *,3,2
かけ,かける,掛ける,動詞 非自立可能 * * 下一段-カ行 連用形-一般,3,2
こちら,こちら,此方,代名詞 * * * * *,3,2
こんな,こんな,こんな,連体詞 * * * * *,3,2
さ,する,為る,動詞 非自立可能 * * サ行変格 未然形-サ,3,2
しか,しか,しか,助詞 副助詞 * * * *,3,2
せ,せる,せる,助動詞 * * * 下一段-サ行 未然形-一般,3,2
その,その,其の,連体詞 * * * * *,3,2
そんな,そんな,そんな,連体詞 * * * * *,3,2
っぽい,っぽい,ぽい,接尾辞 形容詞的 * * 形容詞 終止形-一般,3,2
つう,つう,つう,助動詞 * * * 五段-ワア行 終止形-一般,3,2
な〜,な〜,な,助詞 終助詞 * * * *,3,2
なら,だ,だ,助動詞 * * * 助動詞-ダ 仮定形-一般,3,2
なり,なる,成る,動詞 非自立可能 * * 五段-ラ行 連用形-一般,3,2
はあ,はあ,はあ,感動詞 一般 * * * *,3,2
もよう,もよう,模様,名詞 普通名詞 一般 * * *,3,2
やつ,やつ,奴,名詞 普通名詞 一般 * * *,3,2
やり方,やり方,遣り方,名詞 普通名詞 一般 * * *,3,2
やる,やる,遣る,動詞 非自立可能 * * 五段-ラ行 終止形-一般,3,2
られ,られる,られる,助動詞 * * * 助動詞-レル 連用形-一般,3,2
バカ,バカ,ばか,名詞 普通名詞 形状詞可能 * * *,3,2
プロペラ,プロペラ,プロペラ,名詞 普通名詞 一般 * * *,3,2
事件,事件,事件,名詞 普通名詞 一般 * * *,3,2
待て,待つ,待つ,動詞 一般 * * 五段-タ行 命令形,3,2
様,様,様,接尾辞 名詞的 一般 * * *,3,2
警察,警察,警察,名詞 普通名詞 一般 * * *,3,2
開く,開く,開く,動詞 一般 * * 五段-カ行 連体形-一般,3,2
随分,随分,随分,副詞 * * * * *,3,2
いかが,いかが,如何,形状詞 一般 * * * *,3,1
くれ,くれる,呉れる,動詞 非自立可能 * * 下一段-ラ行 命令形,3,1
さっき,さっき,さっき,名詞 普通名詞 副詞可能 * * *,3,1
せ,せる,せる,助動詞 * * * 下一段-サ行 連用形-一般,3,1
そう,そう,そう,形状詞 助動詞語幹 * * * *,3,1
たたく,たたく,叩く,動詞 一般 * * 五段-カ行 連体形-一般,3,1
ちゃっ,ちゃう,ちゃう,助動詞 * * * 五段-ワア行 連用形-促音便,3,1
つ,つ,つ,接尾辞 名詞的 助数詞 * * *,3,1
なんて,なんて,なんて,助詞 副助詞 * * * *,3,1
グラドル,グラドル,グラドル,名詞 普通名詞 一般 * * *,3,1
ミレニアム,ミレニアム,ミレニアム,名詞 普通名詞 一般 * * *,3,1
モデル,モデル,モデル,名詞 普通名詞 一般 * * *,3,1
レッサーパンダ,レッサーパンダ,レッサーパンダ,名詞 普通名詞 一般 * * *,3,1
レポーター,レポーター,レポーター,名詞 普通名詞 一般 * * *,3,1
一体,一体,一体,副詞 * * * * *,3,1
中,中,中,名詞 普通名詞 副詞可能 * * *,3,1
佐伯,佐伯,佐伯,名詞 固有名詞 地名 一般 * *,3,1
係,係,係,名詞 普通名詞 一般 * * *,3,1
出,出る,出る,動詞 一般 * * 下一段-ダ行 連用形-一般,3,1
方面,方面,方面,名詞 普通名詞 一般 * * *,3,1
爆弾,爆弾,爆弾,名詞 普通名詞 一般 * * *,3,1
爆発物,爆発物,爆発物,名詞 普通名詞 一般 * * *,3,1
行き,行く,行く,動詞 非自立可能 * * 五段-カ行 連用形-一般,3,1
行っ,行く,行く,動詞 非自立可能 * * 五段-カ行 連用形-促音便,3,1
見,見る,見る,動詞 非自立可能 * * 上一段-マ行 連用形-一般,3,1
警備員,警備員,警備員,名詞 普通名詞 一般 * * *,3,1
起き,起きる,起きる,動詞 一般 * * 上一段-カ行 連用形-一般,3,1
車両,車両,車両,名詞 普通名詞 一般 * * *,3,1
銀座,銀座,銀座,名詞 固有名詞 地名 一般 * *,3,1
あんな,あんな,あんな,連体詞 * * * * *,2,2
いう,いう,言う,動詞 一般 * * 五段-ワア行 終止形-一般,2,2
うわ,うわ,うわ,感動詞 一般 * * * *,2,2
おめえ,おめえ,御前,代名詞 * * * * *,2,2
かしこまり,かしこまる,畏まる,動詞 一般 * * 五段-ラ行 連用形-一般,2,2
かとう,かとう,かとう,名詞 固有名詞 人名 姓 * *,2,2
かめ,かめ,亀,名詞 普通名詞 一般 * * *,2,2
かん,かん,彼,代名詞 * * * * *,2,2
きよみ,きよみ,きよみ,名詞 固有名詞 人名 名 * *,2,2
きれ,きれる,切る,動詞 非自立可能 * * 下一段-ラ行 未然形-一般,2,2
げん,げん,弦,名詞 普通名詞 一般 * * *,2,2
こいつ,こいつ,此奴,代名詞 * * * * *,2,2
さあ,さあ,さ,助詞 終助詞 * * * *,2,2
しよう,する,為る,動詞 非自立可能 * * サ行変格 意志推量形,2,2
じゃ,じゃ,じゃ,助動詞 * * * 助動詞-ジャ 終止形-一般,2,2
じゃあ,じゃあ,で,接続詞 * * * * *,2,2
ず,ぬ,ず,助動詞 * * * 助動詞-ヌ 終止形-一般,2,2
たいほ,たいほ,逮捕,名詞 普通名詞 サ変可能 * * *,2,2
だいすけ,だいすけ,だいすけ,名詞 固有名詞 人名 名 * *,2,2
だろう,だ,だ,助動詞 * * * 助動詞-ダ 意志推量形,2,2
つか,つく,付く,動詞 非自立可能 * * 五段-カ行 未然形-一般,2,2
つけ,つける,つける,動詞 非自立可能 * * 下一段-カ行 連用形-一般,2,2
でし,です,です,助動詞 * * * 助動詞-デス 連用形-一般,2,2
と,と,と,助詞 接続助詞 * * * *,2,2
どこ,どこ,どこ,代名詞 * * * * *,2,2
なかっ,ない,ない,助動詞 * * * 助動詞-ナイ 連用形-促音便,2,2
なく,ない,ない,助動詞 * * * 助動詞-ナイ 連用形-一般,2,2
は〜い,は〜い,はい,感動詞 一般 * * * *,2,2
ぶ,ぶ,ぶ,名詞 普通名詞 一般 * * *,2,2
べ,べ,べい,助詞 終助詞 * * * *,2,2
ます,ます,ます,助動詞 * * * 助動詞-マス 連体形-一般,2,2
もし,もし,若し,副詞 * * * * *,2,2
もっと,もっと,もっと,副詞 * * * * *,2,2
もと,もと,もと,名詞 普通名詞 一般 * * *,2,2
や,や,や,助詞 副助詞 * * * *,2,2
やま,やま,山,名詞 普通名詞 一般 * * *,2,2
アンリミテッド,アンリミテッド,アンリミテッド,名詞 普通名詞 一般 * * *,2,2
バランス,バランス,バランス,名詞 普通名詞 サ変可能 * * *,2,2
パーセント,パーセント,パーセント,名詞 普通名詞 助数詞可能 * * *,2,2
人,人,人,接尾辞 名詞的 一般 * * *,2,2
今日,今日,今日,名詞 普通名詞 副詞可能 * * *,2,2
務まる,務まる,勤まる,動詞 一般 * * 五段-ラ行 終止形-一般,2,2
吐く,吐く,吐く,動詞 一般 * * 五段-カ行 連体形-一般,2,2
命,命,命,名詞 普通名詞 一般 * * *,2,2
失礼,失礼,失礼,名詞 普通名詞 サ変形状詞可能 * * *,2,2
完了,完了,完了,名詞 普通名詞 サ変可能 * * *,2,2
家,家,家,名詞 普通名詞 一般 * * *,2,2
対,対,対,名詞 普通名詞 一般 * * *,2,2
建物,建物,建物,名詞 普通名詞 一般 * * *,2,2
彼,彼,彼,代名詞 * * * * *,2,2
思う,思う,思う,動詞 一般 * * 五段-ワア行 終止形-一般,2,2
思わ,思う,思う,動詞 一般 * * 五段-ワア行 未然形-一般,2,2
我々,我々,我々,代名詞 * * * * *,2,2
教育,教育,教育,名詞 普通名詞 サ変可能 * * *,2,2
昔,昔,昔,名詞 普通名詞 副詞可能 * * *,2,2
本部,本部,本部,名詞 普通名詞 一般 * * *,2,2
決まっ,決まる,決まる,動詞 一般 * * 五段-ラ行 連用形-促音便,2,2
沈め,沈める,沈める,動詞 一般 * * 下一段-マ行 未然形-一般,2,2
現,現,現,接頭辞 * * * * *,2,2
結構,結構,結構,形状詞 一般 * * * *,2,2
警察官,警察官,警察官,名詞 普通名詞 一般 * * *,2,2
走行,走行,走行,名詞 普通名詞 サ変可能 * * *,2,2
部長,部長,部長,名詞 普通名詞 一般 * * *,2,2
金,金,金,名詞 固有名詞 人名 姓 * *,2,2
鍵,鍵,鍵,名詞 普通名詞 一般 * * *,2,2
頼む,頼む,頼む,動詞 一般 * * 五段-マ行 終止形-一般,2,2
あなた,あなた,貴方,代名詞 * * * * *,2,1
あり,あり,有り,名詞 普通名詞 一般 * * *,2,1
ある,ある,有る,動詞 非自立可能 * * 五段-ラ行 終止形-一般,2,1
いう,いう,言う,動詞 一般 * * 五段-ワア行 連体形-一般,2,1
いつ,いつ,いつ,代名詞 * * * * *,2,1
いまだ,いまだ,未だ,副詞 * * * * *,2,1
うう,うう,うう,感動詞 一般 * * * *,2,1
うち,うち,内,名詞 普通名詞 副詞可能 * * *,2,1
おふくろ,おふくろ,御袋,名詞 普通名詞 一般 * * *,2,1
き,き,き,助動詞 * * * 文語助動詞-キ 終止形-一般,2,1
くらい,くらい,くらい,助詞 副助詞 * * * *,2,1
くれ,くれる,呉れる,動詞 非自立可能 * * 下一段-ラ行 連用形-一般,2,1
ぐっ,ぐっ,ぐっ,副詞 * * * * *,2,1
こ,くる,来る,動詞 非自立可能 * * カ行変格 未然形-一般,2,1
こっち,こっち,此方,代名詞 * * * * *,2,1
さ,さ,さ,助詞 終助詞 * * * *,2,1
さっさと,さっさと,さっさと,副詞 * * * * *,2,1
じゃあ,じゃあ,で,助詞 格助詞 * * * *,2,1
ぜ,ぜ,ぜ,助詞 終助詞 * * * *,2,1
そこ,そこ,其処,代名詞 * * * * *,2,1
てっ,てく,てく,助動詞 * * * 五段-カ行 連用形-促音便,2,1
とい,とく,とく,助動詞 * * * 五段-カ行 連用形-イ音便,2,1
とき,とき,時,名詞 普通名詞 副詞可能 * * *,2,1
どうぞ,どうぞ,どうぞ,副詞 * * * * *,2,1
ね〜,ね〜,ね,助詞 終助詞 * * * *,2,1
ねえ,ねえ,ね,助詞 終助詞 * * * *,2,1
ねえ,ない,ない,助動詞 * * * 助動詞-ナイ 連体形-一般,2,1
の,の,の,助詞 終助詞 * * * *,2,1
ひっぱたく,ひっぱたく,引っ叩く,動詞 一般 * * 五段-カ行 連体形-一般,2,1
へ,へ,へ,助詞 格助詞 * * * *,2,1
まあ,まあ,まあ,副詞 * * * * *,2,1
み,みる,見る,動詞 非自立可能 * * 上一段-マ行 連用形-一般,2,1
もしもし,もしもし,もしもし,感動詞 一般 * * * *,2,1
もの,もの,物,名詞 普通名詞 サ変可能 * * *,2,1
やり,やる,遣る,動詞 非自立可能 * * 五段-ラ行 連用形-一般,2,1
よかっ,よい,良い,形容詞 非自立可能 * * 形容詞 連用形-促音便,2,1
れる,れる,れる,助動詞 * * * 助動詞-レル 連体形-一般,2,1
アブラー,アブラー,アブラー,名詞 普通名詞 一般 * * *,2,1
アラビア,アラビア,アラビア,名詞 固有名詞 地名 一般 * *,2,1
サイト,サイト,サイト,名詞 普通名詞 一般 * * *,2,1
サイレン,サイレン,サイレン,名詞 普通名詞 一般 * * *,2,1
サンキュー,サンキュー,サンキュー,名詞 普通名詞 一般 * * *,2,1
スマホ,スマホ,スマホ,名詞 普通名詞 一般 * * *,2,1
タイマー,タイマー,タイマー,名詞 普通名詞 一般 * * *,2,1
チョコレート,チョコレート,チョコレート,名詞 普通名詞 一般 * * *,2,1
トゥルルル,トゥルルル,トゥルルル,名詞 普通名詞 一般 * * *,2,1
バン,バン,バン,名詞 普通名詞 一般 * * *,2,1
フウ,フウ,フウ,名詞 固有名詞 一般 * * *,2,1
フクニシクリーニング,フクニシクリーニング,フクニシクリーニング,名詞 普通名詞 一般 * * *,2,1
フン,フン,フン,名詞 固有名詞 人名 一般 * *,2,1
ホント,ホント,本当,名詞 普通名詞 一般 * * *,2,1
ヤク,ヤク,ヤク,名詞 普通名詞 一般 * * *,2,1
ヤベ,ヤベ,ヤベ,名詞 普通名詞 一般 * * *,2,1
一人,一人,一人,名詞 普通名詞 副詞可能 * * *,2,1
三田,三田,三田,名詞 固有名詞 人名 姓 * *,2,1
上,上,上,名詞 普通名詞 副詞可能 * * *,2,1
中止,中止,中止,名詞 普通名詞 サ変可能 * * *,2,1
乗車,乗車,乗車,名詞 普通名詞 サ変可能 * * *,2,1
了解,了解,了解,名詞 普通名詞 サ変可能 * * *,2,1
人間,人間,人間,名詞 普通名詞 一般 * * *,2,1
仕入れ元,仕入れ元,仕入れ元,名詞 普通名詞 一般 * * *,2,1
他,他,他,名詞 普通名詞 副詞可能 * * *,2,1
付近,付近,付近,名詞 普通名詞 一般 * * *,2,1
件,件,件,名詞 普通名詞 助数詞可能 * * *,2,1
住ん,住む,住む,動詞 一般 * * 五段-マ行 連用形-撥音便,2,1
使用,使用,使用,名詞 普通名詞 サ変可能 * * *,2,1
倍,倍,倍,名詞 普通名詞 助数詞可能 * * *,2,1
六本木,六本木,六本木,名詞 固有名詞 地名 一般 * *,2,1
出さ,出す,出す,動詞 非自立可能 * * 五段-サ行 未然形-一般,2,1
分かっ,分かる,分かる,動詞 一般 * * 五段-ラ行 連用形-促音便,2,1
午後,午後,午後,名詞 普通名詞 副詞可能 * * *,2,1
受信,受信,受信,名詞 普通名詞 サ変可能 * * *,2,1
大丈夫,大丈夫,大丈夫,形状詞 一般 * * * *,2,1
帰っ,帰る,帰る,動詞 一般 * * 五段-ラ行 連用形-促音便,2,1
庁,庁,庁,接尾辞 名詞的 一般 * * *,2,1
広域,広域,広域,名詞 普通名詞 一般 * * *,2,1
当該,当該,当該,名詞 普通名詞 一般 * * *,2,1
心,心,心,名詞 普通名詞 サ変可能 * * *,2,1
悲鳴,悲鳴,悲鳴,名詞 普通名詞 一般 * * *,2,1
指示,指示,指示,名詞 普通名詞 サ変可能 * * *,2,1
挙げ,挙げる,上げる,動詞 非自立可能 * * 下一段-ガ行 連用形-一般,2,1
振り込み,振り込み,振り込み,名詞 普通名詞 一般 * * *,2,1
日,日,日,接尾辞 名詞的 助数詞 * * *,2,1
暴力団,暴力団,暴力団,名詞 普通名詞 一般 * * *,2,1
本山,本山,本山,名詞 固有名詞 人名 姓 * *,2,1
札束,札束,札束,名詞 普通名詞 一般 * * *,2,1
柔道,柔道,柔道,名詞 普通名詞 一般 * * *,2,1
橋,橋,橋,名詞 普通名詞 一般 * * *,2,1
河内山,河内山,河内山,名詞 固有名詞 人名 姓 * *,2,1
泣き声,泣き声,泣き声,名詞 普通名詞 一般 * * *,2,1
泳が,泳ぐ,泳ぐ,動詞 一般 * * 五段-ガ行 未然形-一般,2,1
渋滞,渋滞,渋滞,名詞 普通名詞 サ変可能 * * *,2,1
爆発,爆発,爆発,名詞 普通名詞 サ変可能 * * *,2,1
狙っ,狙う,狙う,動詞 一般 * * 五段-ワア行 連用形-促音便,2,1
白,白,白,名詞 普通名詞 一般 * * *,2,1
着信,着信,着信,名詞 普通名詞 サ変可能 * * *,2,1
知ら,知る,知る,動詞 一般 * * 五段-ラ行 未然形-一般,2,1
確保,確保,確保,名詞 普通名詞 サ変可能 * * *,2,1
結構,結構,結構,副詞 * * * * *,2,1
繰り返す,繰り返す,繰り返す,動詞 一般 * * 五段-サ行 連体形-一般,2,1
自首,自首,自首,名詞 普通名詞 サ変可能 * * *,2,1
若頭,若頭,若頭,名詞 普通名詞 一般 * * *,2,1
荒木,荒木,荒木,名詞 固有名詞 人名 姓 * *,2,1
荷物,荷物,荷物,名詞 普通名詞 一般 * * *,2,1
行く,行く,行く,動詞 非自立可能 * * 五段-カ行 終止形-一般,2,1
表記,表記,表記,名詞 普通名詞 サ変可能 * * *,2,1
言っ,言う,言う,動詞 一般 * * 五段-ワア行 連用形-促音便,2,1
話,話,話,名詞 普通名詞 サ変可能 * * *,2,1
語,語,語,名詞 普通名詞 一般 * * *,2,1
警備,警備,警備,名詞 普通名詞 サ変可能 * * *,2,1
警視,警視,警視,名詞 普通名詞 一般 * * *,2,1
警部,警部,警部,名詞 普通名詞 一般 * * *,2,1
足り,足りる,足りる,動詞 一般 * * 上一段-ラ行 未然形-一般,2,1
身柄,身柄,身柄,名詞 普通名詞 一般 * * *,2,1
逃走中,逃走中,逃走中,名詞 普通名詞 一般 * * *,2,1
連絡,連絡,連絡,名詞 普通名詞 サ変可能 * * *,2,1
週間,週間,週間,名詞 普通名詞 助数詞可能 * * *,2,1
関係,関係,関係,名詞 普通名詞 サ変可能 * * *,2,1
食事,食事,食事,名詞 普通名詞 サ変可能 * * *,2,1
首長国,首長国,首長国,名詞 普通名詞 一般 * * *,2,1
あ〜,あ〜,ああ,感動詞 一般 * * * *,1,1
あ〜あ,あ〜あ,ああ,感動詞 一般 * * * *,1,1
あえぎ声,あえぎ声,喘ぎ声,名詞 普通名詞 一般 * * *,1,1
あか,あか,あか,名詞 普通名詞 一般 * * *,1,1
あくび,あくび,欠伸,名詞 普通名詞 サ変可能 * * *,1,1
あげく,あげく,挙げ句,名詞 普通名詞 副詞可能 * * *,1,1
あたっ,あたる,当たる,動詞 一般 * * 五段-ラ行 連用形-促音便,1,1
あの〜,あの〜,あの,感動詞 フィラー * * * *,1,1
あら,あら,あら,感動詞 一般 * * * *,1,1
あらき,あらき,あらき,名詞 固有名詞 人名 姓 * *,1,1
あらら,あらら,あら,感動詞 一般 * * * *,1,1
ありったけ,ありったけ,有り丈,名詞 普通名詞 一般 * * *,1,1
あれ,ある,有る,動詞 非自立可能 * * 五段-ラ行 仮定形-一般,1,1
あん,ある,有る,動詞 非自立可能 * * 五段-ラ行 連体形-撥音便,1,1
あんま,あんま,余り,副詞 * * * * *,1,1
いい,いう,言う,動詞 一般 * * 五段-ワア行 連用形-一般,1,1
いえ,いえ,いえ,感動詞 一般 * * * *,1,1
いえ,いう,言う,動詞 一般 * * 五段-ワア行 仮定形-一般,1,1
いえ,いえ,家,名詞 普通名詞 一般 * * *,1,1
いき,いく,行く,動詞 非自立可能 * * 五段-カ行 連用形-一般,1,1
いく,いく,行く,動詞 非自立可能 * * 五段-カ行 終止形-一般,1,1
いくつ,いくつ,幾つ,名詞 普通名詞 一般 * * *,1,1
いせ,いせ,いせ,名詞 固有名詞 地名 一般 * *,1,1
いや〜,いや〜,いや,感動詞 一般 * * * *,1,1
いやあ,いやあ,いや,感動詞 一般 * * * *,1,1
う,う,うう,感動詞 一般 * * * *,1,1
うい,うい,うい,連体詞 * * * * *,1,1
うお,うお,うお,名詞 固有名詞 人名 一般 * *,1,1
うおお,うおお,うお,感動詞 一般 * * * *,1,1
うかい,うかい,うかい,名詞 固有名詞 一般 * * *,1,1
うっせえ,うっさい,煩い,形容詞 一般 * * 形容詞 終止形-一般,1,1
うまい,うまい,旨い,形容詞 一般 * * 形容詞 終止形-一般,1,1
うまっ,うまる,埋まる,動詞 一般 * * 五段-ラ行 連用形-促音便,1,1
うめ,うめ,梅,名詞 普通名詞 一般 * * *,1,1
うる,うる,得る,動詞 非自立可能 * * 下一段-ア行 連体形-一般,1,1
うるせえ,うるさい,煩い,形容詞 一般 * * 形容詞 終止形-一般,1,1
うわっ,うわっ,うわ,感動詞 一般 * * * *,1,1
ええっ,ええっ,ええ,感動詞 一般 * * * *,1,1
えき,えき,えき,名詞 普通名詞 一般 * * *,1,1
お,お,おっ,感動詞 一般 * * * *,1,1
おう,おう,おお,感動詞 一般 * * * *,1,1
おお,おお,おお,名詞 固有名詞 人名 一般 * *,1,1
おお,おお,おお,感動詞 一般 * * * *,1,1
おおつか,おおつか,おおつか,名詞 固有名詞 人名 姓 * *,1,1
おかしい,おかしい,可笑しい,形容詞 一般 * * 形容詞 終止形-一般,1,1
おかしな,おかしな,可笑しな,連体詞 * * * * *,1,1
おけ,おく,おく,動詞 非自立可能 * * 五段-カ行 命令形,1,1
おっ,おっ,御,接頭辞 * * * * *,1,1
おっと,おっと,おっと,感動詞 一般 * * * *,1,1
おはようございます,おはようございます,おはようございます,感動詞 一般 * * * *,1,1
おり,おる,おる,動詞 非自立可能 * * 五段-ラ行 連用形-一般,1,1
お役所,お役所,御役所,名詞 普通名詞 一般 * * *,1,1
お気に入り,お気に入り,お気に入り,名詞 普通名詞 一般 * * *,1,1
お金,お金,お金,名詞 固有名詞 一般 * * *,1,1
かげん,かげん,加減,名詞 普通名詞 サ変可能 * * *,1,1
かち,かち,勝ち,名詞 普通名詞 一般 * * *,1,1
かっ,かっ,かっ,名詞 固有名詞 人名 一般 * *,1,1
かの,かの,彼の,連体詞 * * * * *,1,1
かぶ,かぶ,蕪,名詞 普通名詞 一般 * * *,1,1
きちょう,きちょう,貴重,形状詞 一般 * * * *,1,1
きゃあ,きゃあ,きゃあ,感動詞 一般 * * * *,1,1
きょう,きょう,今日,名詞 普通名詞 副詞可能 * * *,1,1
ぎ,ぎ,ぎ,名詞 普通名詞 一般 * * *,1,1
くれ,くれる,呉れる,動詞 非自立可能 * * 下一段-ラ行 未然形-一般,1,1
くれる,くれる,呉れる,動詞 非自立可能 * * 下一段-ラ行 終止形-一般,1,1
くん,くる,来る,動詞 非自立可能 * * カ行変格 連体形-撥音便,1,1
ぐみ,ぐみ,茱萸,名詞 普通名詞 一般 * * *,1,1
け,け,け,助詞 終助詞 * * * *,1,1
けしから,けし,怪しい,形容詞 一般 * * 文語形容詞-シク 未然形-補助,1,1
げっ,げっ,げえ,感動詞 一般 * * * *,1,1
こい,くる,来る,動詞 非自立可能 * * カ行変格 命令形,1,1
こう,こう,こう,副詞 * * * * *,1,1
こうち,こうち,巧緻,名詞 普通名詞 形状詞可能 * * *,1,1
こないだ,こないだ,此の間,名詞 普通名詞 一般 * * *,1,1
こん,こん,此の,連体詞 * * * * *,1,1
ごっこ,ごっこ,ごっこ,名詞 普通名詞 一般 * * *,1,1
ごめん,ごめん,御免,名詞 普通名詞 一般 * * *,1,1
ごろ,ごろ,頃,名詞 普通名詞 副詞可能 * * *,1,1
ごん,ごん,ごん,副詞 * * * * *,1,1
さ,さ,さ,接頭辞 * * * * *,1,1
さかな,さかな,さかな,名詞 普通名詞 一般 * * *,1,1
ざ,ざ,ざ,接尾辞 名詞的 一般 * * *,1,1
ざ,ざ,ざ,名詞 普通名詞 一般 * * *,1,1
し,する,為る,動詞 非自立可能 * * サ行変格 未然形-一般,1,1
しだい,しだい,次第,名詞 普通名詞 副詞可能 * * *,1,1
しっかり,しっかり,確り,副詞 * * * * *,1,1
しまっ,しまう,仕舞う,動詞 非自立可能 * * 五段-ワア行 連用形-促音便,1,1
しゃ,しゃ,社,名詞 普通名詞 助数詞可能 * * *,1,1
しゅう,しゅう,しゅう,名詞 固有名詞 人名 名 * *,1,1
しょう,しょう,しょう,名詞 普通名詞 一般 * * *,1,1
しん,しん,しん,名詞 固有名詞 人名 名 * *,1,1
じい,じい,爺,名詞 普通名詞 一般 * * *,1,1
じまっ,じまう,ちまう,助動詞 * * * 五段-ワア行 連用形-促音便,1,1
じゃ,じゃ,で,接続詞 * * * * *,1,1
じゃん,じゃん,じゃん,助詞 終助詞 * * * *,1,1
す,する,為る,動詞 非自立可能 * * サ行変格 連体形-省略,1,1
すぎ,すぎる,過ぎる,動詞 非自立可能 * * 上一段-ガ行 未然形-一般,1,1
すぎ,すぎ,過ぎ,接尾辞 形状詞的 * * * *,1,1
すごい,すごい,凄い,形容詞 一般 * * 形容詞 終止形-一般,1,1
すごい,すごい,凄い,形容詞 一般 * * 形容詞 連体形-一般,1,1
すずえ,すずえ,すずえ,名詞 固有名詞 人名 名 * *,1,1
すれ,する,為る,動詞 非自立可能 * * サ行変格 仮定形-一般,1,1
すん,すむ,すむ,動詞 一般 * * 五段-マ行 連用形-撥音便,1,1
ずっと,ずっと,ずっと,副詞 * * * * *,1,1
せえ,せえ,さえ,助詞 副助詞 * * * *,1,1
せろ,せる,せる,助動詞 * * * 下一段-サ行 命令形,1,1
ぜっ,せる,競る,動詞 一般 * * 五段-ラ行 連用形-促音便,1,1
ぜひ,ぜひ,是非,副詞 * * * * *,1,1
そいつ,そいつ,其奴,代名詞 * * * * *,1,1
そう,そう,そう,名詞 助動詞語幹 * * * *,1,1
そして,そして,そして,接続詞 * * * * *,1,1
そちら,そちら,其方,代名詞 * * * * *,1,1
そっ,そっ,其れ,代名詞 * * * * *,1,1
そっ,そっ,そう,副詞 * * * * *,1,1
そもそも,そもそも,抑,名詞 普通名詞 副詞可能 * * *,1,1
ただし,ただし,但し,接続詞 * * * * *,1,1
たった,たった,唯,副詞 * * * * *,1,1
たれ,たれ,垂れ,名詞 普通名詞 一般 * * *,1,1
だ,だ,た,助動詞 * * * 助動詞-タ 連体形-一般,1,1
だ,だ,た,助動詞 * * * 助動詞-タ 終止形-一般,1,1
だって,だって,たって,助詞 接続助詞 * * * *,1,1
だわら,だわら,俵,名詞 普通名詞 一般 * * *,1,1
ちくしょう,ちくしょう,畜生,名詞 普通名詞 一般 * * *,1,1
ちゃ〜ん,ちゃ〜ん,ちゃん,接尾辞 名詞的 一般 * * *,1,1
ちゃう,ちゃう,ちゃう,助動詞 * * * 五段-ワア行 終止形-一般,1,1
ちょ,ちょ,ちょ,助詞 終助詞 * * * *,1,1
ちょう,ちょう,蝶,名詞 普通名詞 一般 * * *,1,1
ちょうど,ちょうど,丁度,副詞 * * * * *,1,1
ちょっ,ちょっ,一寸,副詞 * * * * *,1,1
っ,っ,っ,記号 一般 * * * *,1,1
っから,っから,から,助詞 格助詞 * * * *,1,1
っけ,っけ,け,助詞 終助詞 * * * *,1,1
っこ,っこ,っこ,接尾辞 名詞的 一般 * * *,1,1
って,っつう,つう,助動詞 * * * 五段-ワア行 連体形-一般,1,1
っと,っと,と,助詞 格助詞 * * * *,1,1
つかむ,つかむ,掴む,動詞 一般 * * 五段-マ行 終止形-一般,1,1
つかめ,つかめる,掴む,動詞 一般 * * 下一段-マ行 連用形-一般,1,1
つかめ,つかめる,掴む,動詞 一般 * * 下一段-マ行 未然形-一般,1,1
つきっきり,つきっきり,付きっ切り,名詞 普通名詞 一般 * * *,1,1
つっ,つう,つう,助動詞 * * * 五段-ワア行 連用形-促音便,1,1
つつ,つつ,つつ,助詞 接続助詞 * * * *,1,1
づ,づ,出る,動詞 一般 * * 文語下二段-ダ行 終止形-一般,1,1
てけ,てける,てく,助動詞 * * * 下一段-カ行 未然形-一般,1,1
てめえ,てめえ,てまえ,代名詞 * * * * *,1,1
てろ,てる,てる,助動詞 * * * 下一段-タ行 命令形,1,1
で,でる,てる,助動詞 * * * 下一段-ダ行 連用形-一般,1,1
で,で,で,接続詞 * * * * *,1,1
で,でる,てる,助動詞 * * * 下一段-ダ行 連体形-省略,1,1
で,で,で,助詞 接続助詞 * * * *,1,1
でしょう,です,です,助動詞 * * * 助動詞-デス 意志推量形,1,1
です,です,です,助動詞 * * * 助動詞-デス 連体形-一般,1,1
でる,でる,てる,助動詞 * * * 下一段-ダ行 終止形-一般,1,1
でる,でる,てる,助動詞 * * * 下一段-ダ行 連体形-一般,1,1
とうだい,とうだい,灯台,名詞 普通名詞 一般 * * *,1,1
とけよ,とける,とく,助動詞 * * * 下一段-カ行 命令形,1,1
とこ,とこ,とこ,名詞 普通名詞 一般 * * *,1,1
ところ,ところ,所,名詞 普通名詞 副詞可能 * * *,1,1
とっかえ,とっかえ,取り換え,名詞 普通名詞 一般 * * *,1,1
とも,とも,共,接尾辞 名詞的 副詞可能 * * *,1,1
ど,ど,ど,助詞 終助詞 * * * *,1,1
どき,どき,時,名詞 普通名詞 副詞可能 * * *,1,1
どけ,どく,とく,助動詞 * * * 五段-カ行 命令形,1,1
どころ,どころ,どころ,助詞 副助詞 * * * *,1,1
どんな,どんな,どんな,連体詞 * * * * *,1,1
なか,なか,中,名詞 普通名詞 副詞可能 * * *,1,1
ながら,ながら,ながら,助詞 接続助詞 * * * *,1,1
なく,ない,無い,形容詞 非自立可能 * * 形容詞 連用形-一般,1,1
なし,なし,なし,名詞 普通名詞 一般 * * *,1,1
なっ,なっ,なっ,名詞 固有名詞 人名 一般 * *,1,1
など,など,など,助詞 副助詞 * * * *,1,1
なに,なに,何,代名詞 * * * * *,1,1
なる,なる,成る,動詞 非自立可能 * * 五段-ラ行 終止形-一般,1,1
なるほど,なるほど,成る程,副詞 * * * * *,1,1
なんか,なんか,なんか,助詞 副助詞 * * * *,1,1
ねえ,ない,無い,形容詞 非自立可能 * * 形容詞 連体形-一般,1,1
ねん,ねん,ねん,助詞 終助詞 * * * *,1,1
はじめ,はじめる,始める,動詞 非自立可能 * * 下一段-マ行 連用形-一般,1,1
はべら,はべる,侍る,動詞 一般 * * 五段-ラ行 未然形-一般,1,1
ばし,ばし,はし,名詞 普通名詞 一般 * * *,1,1
ばっちり,ばっちり,ばっちり,副詞 * * * * *,1,1
ひいこら,ひいこら,ひいこら,副詞 * * * * *,1,1
ひっかえ,ひっかえ,引き換え,名詞 普通名詞 一般 * * *,1,1
ひ弱,ひ弱,ひ弱,形状詞 一般 * * * *,1,1
ふざけ,ふざける,ふざける,動詞 一般 * * 下一段-カ行 連用形-一般,1,1
ふざけん,ふざける,ふざける,動詞 一般 * * 下一段-カ行 終止形-撥音便,1,1
ふん,ふん,ふん,感動詞 一般 * * * *,1,1
ぶっ殺し,ぶっ殺す,打ち殺す,動詞 一般 * * 五段-サ行 連用形-一般,1,1
ぶつかり合い,ぶつかり合い,ぶつかり合い,名詞 普通名詞 一般 * * *,1,1
ぶん,ぶん,分,名詞 普通名詞 副詞可能 * * *,1,1
べき,べし,べし,助動詞 * * * 文語助動詞-ベシ 連体形-一般,1,1
ほう,ほう,方,名詞 普通名詞 一般 * * *,1,1
ほし,ほし,星,名詞 普通名詞 一般 * * *,1,1
ほしい,ほしい,欲しい,形容詞 非自立可能 * * 形容詞 終止形-一般,1,1
ほしの,ほしの,ほしの,名詞 固有名詞 人名 姓 * *,1,1
ほっぺた,ほっぺた,頬っぺた,名詞 普通名詞 一般 * * *,1,1
ほぼ,ほぼ,ほぼ,副詞 * * * * *,1,1
ぽい,ぽい,ぽい,接尾辞 形容詞的 * * 形容詞 連体形-一般,1,1
ぽん,ぽん,本,接尾辞 名詞的 助数詞 * * *,1,1
ま,ま,まー,感動詞 フィラー * * * *,1,1
ま,ま,ま,名詞 普通名詞 助数詞可能 * * *,1,1
まい,まい,まい,助動詞 * * * 助動詞-マイ 終止形-一般,1,1
まさか,まさか,まさか,副詞 * * * * *,1,1
ましょ,ます,ます,助動詞 * * * 助動詞-マス 意志推量形,1,1
ましょう,ます,ます,助動詞 * * * 助動詞-マス 意志推量形,1,1
また,また,又,接続詞 * * * * *,1,1
まだ,まだ,未だ,副詞 * * * * *,1,1
まったく,まったく,全く,副詞 * * * * *,1,1
まとめ,まとめる,纏める,動詞 一般 * * 下一段-マ行 連用形-一般,1,1
まとも,まとも,正面,形状詞 一般 * * * *,1,1
まね,まね,真似,名詞 普通名詞 サ変可能 * * *,1,1
まま,まま,侭,名詞 普通名詞 副詞可能 * * *,1,1
みきお,みきお,みきお,名詞 固有名詞 人名 名 * *,1,1
みてえ,みてえ,みたい,形状詞 助動詞語幹 * * * *,1,1
むなしく,むなしい,空しい,形容詞 一般 * * 形容詞 連用形-一般,1,1
めっちゃ,めっちゃ,目茶,副詞 * * * * *,1,1
も〜,も〜,も,助詞 係助詞 * * * *,1,1
もちろん,もちろん,勿論,副詞 * * * * *,1,1
ものものしい,ものものしい,物々しい,形容詞 一般 * * 形容詞 終止形-一般,1,1
もらおう,もらう,貰う,動詞 非自立可能 * * 五段-ワア行 意志推量形,1,1
もらっ,もらう,貰う,動詞 非自立可能 * * 五段-ワア行 連用形-促音便,1,1
もん,もん,もの,助詞 終助詞 * * * *,1,1
もん,もん,もん,名詞 普通名詞 一般 * * *,1,1
や,や,や,助動詞 * * * 助動詞-ヤ 終止形-一般,1,1
や,や,や,助詞 終助詞 * * * *,1,1
や〜,や〜,いや,感動詞 一般 * * * *,1,1
やし,やす,やす,助動詞 * * * 助動詞-ヤス 連用形-一般,1,1
やっと,やっと,漸と,副詞 * * * * *,1,1
やら,やら,やら,助詞 副助詞 * * * *,1,1
やら,やる,遣る,動詞 非自立可能 * * 五段-ラ行 未然形-一般,1,1
やり直せ,やり直す,遣り直す,動詞 一般 * * 五段-サ行 命令形,1,1
やる,やる,遣る,動詞 非自立可能 * * 五段-ラ行 連体形-一般,1,1
やる気,やる気,遣る気,名詞 普通名詞 一般 * * *,1,1
やれ,やる,遣る,動詞 非自立可能 * * 五段-ラ行 仮定形-一般,1,1
やん,やる,遣る,動詞 非自立可能 * * 五段-ラ行 連用形-撥音便,1,1
ゆ,ゆ,ユ,記号 一般 * * * *,1,1
ゆい,ゆい,ゆい,名詞 固有名詞 人名 名 * *,1,1
ゆうた,ゆうた,ゆうた,名詞 固有名詞 人名 名 * *,1,1
よく,よく,良く,副詞 * * * * *,1,1
よこせ,よこす,寄越す,動詞 一般 * * 五段-サ行 命令形,1,1
よし,よし,よし,名詞 普通名詞 一般 * * *,1,1
よっしゃ,よっしゃ,よっしゃ,感動詞 一般 * * * *,1,1
よろしく,よろしく,宜しく,副詞 * * * * *,1,1
よろしけれ,よろしい,宜しい,形容詞 一般 * * 形容詞 仮定形-一般,1,1
られる,られる,られる,助動詞 * * * 助動詞-レル 終止形-一般,1,1
る,り,り,助動詞 * * * 文語助動詞-リ 連体形-一般,1,1
れっか,れっか,列火,名詞 普通名詞 一般 * * *,1,1
れる,れる,れる,助動詞 * * * 助動詞-レル 終止形-一般,1,1
ろう,ろう,ろう,名詞 普通名詞 一般 * * *,1,1
ろっ,ろっ,六,名詞 数詞 * * * *,1,1
わあ,わあ,わあ,感動詞 一般 * * * *,1,1
わけ,わけ,訳,名詞 普通名詞 一般 * * *,1,1
わっ,わっ,わっ,副詞 * * * * *,1,1
わりい,わるい,悪い,形容詞 一般 * * 形容詞 終止形-一般,1,1
わんさか,わんさか,わんさか,副詞 * * * * *,1,1
ん,ぬ,ず,助動詞 * * * 助動詞-ヌ 連体形-撥音便,1,1
ん,ん,の,助詞 終助詞 * * * *,1,1
ん〜,ん〜,んー,感動詞 フィラー * * * *,1,1
アライグマ,アライグマ,洗い熊,名詞 普通名詞 一般 * * *,1,1
アルファ,アルファ,アルファ,記号 文字 * * * *,1,1
イギリス,イギリス,イギリス,名詞 固有名詞 地名 国 * *,1,1
ウィスキー,ウィスキー,ウイスキー,名詞 普通名詞 一般 * * *,1,1
ウソ,ウソ,うそ,名詞 普通名詞 一般 * * *,1,1
ウフフッ,ウフフッ,ウフフッ,名詞 普通名詞 一般 * * *,1,1
ウーパ,ウーパ,ウーパ,名詞 普通名詞 一般 * * *,1,1
エリリン,エリリン,エリリン,名詞 普通名詞 一般 * * *,1,1
オイルマネー,オイルマネー,オイルマネー,名詞 普通名詞 一般 * * *,1,1
オキニ,オキニ,オキニ,名詞 固有名詞 一般 * * *,1,1
カカオ,カカオ,カカオ,名詞 普通名詞 一般 * * *,1,1
カンパチ,カンパチ,間八,名詞 普通名詞 一般 * * *,1,1
ガス,ガス,ガス,名詞 普通名詞 一般 * * *,1,1
ガチャッ,ガチャッ,がちゃ,副詞 * * * * *,1,1
キャンペーン,キャンペーン,キャンペーン,名詞 普通名詞 一般 * * *,1,1
ギョーザ,ギョーザ,ギョーザ,名詞 普通名詞 一般 * * *,1,1
クズ,クズ,くず,名詞 普通名詞 一般 * * *,1,1
クラクション,クラクション,クラクション,名詞 普通名詞 一般 * * *,1,1
クラシックカー,クラシックカー,クラシックカー,名詞 普通名詞 一般 * * *,1,1
クラブ,クラブ,クラブ,名詞 普通名詞 一般 * * *,1,1
グミ,グミ,グミ,名詞 普通名詞 一般 * * *,1,1
ゲット,ゲット,ゲット,名詞 普通名詞 サ変可能 * * *,1,1
コブラ,コブラ,コブラ,名詞 普通名詞 一般 * * *,1,1
コメンテーター,コメンテーター,コメンテーター,名詞 普通名詞 一般 * * *,1,1
コンビ,コンビ,コンビ,名詞 普通名詞 一般 * * *,1,1
ゴホゴホッ,ゴホゴホッ,ゴホゴホッ,名詞 普通名詞 一般 * * *,1,1
ザ,ザ,ザ,名詞 普通名詞 一般 * * *,1,1
ショー,ショー,ショー,名詞 普通名詞 一般 * * *,1,1
シンポジウム,シンポジウム,シンポジウム,名詞 普通名詞 一般 * * *,1,1
スピーカー,スピーカー,スピーカー,名詞 普通名詞 一般 * * *,1,1
スピード,スピード,スピード,名詞 普通名詞 一般 * * *,1,1
セリフ,セリフ,セリフ,名詞 普通名詞 一般 * * *,1,1
タイ,タイ,タイ,名詞 固有名詞 地名 国 * *,1,1
タイミング,タイミング,タイミング,名詞 普通名詞 一般 * * *,1,1
タワー,タワー,タワー,名詞 普通名詞 一般 * * *,1,1
ダメ,ダメ,駄目,名詞 普通名詞 形状詞可能 * * *,1,1
チッ,チッ,ちっ,副詞 * * * * *,1,1
チャーリー,チャーリー,チャーリー,名詞 固有名詞 人名 一般 * *,1,1
チューンナップ,チューンナップ,チューンナップ,名詞 普通名詞 サ変可能 * * *,1,1
ツイ,ツク,付く,動詞 非自立可能 * * 五段-カ行 連用形-イ音便,1,1
ドタバタ,ドタバタ,どたばた,副詞 * * * * *,1,1
ドラッグ,ドラッグ,ドラッグ,名詞 普通名詞 一般 * * *,1,1
ナイーブ,ナイーブ,ナイーブ,形状詞 一般 * * * *,1,1
ナビ,ナビ,ナビ,名詞 普通名詞 サ変可能 * * *,1,1
ナメ,ナメる,嘗める,動詞 一般 * * 下一段-マ行 連用形-一般,1,1
ナメん,ナメる,嘗める,動詞 一般 * * 下一段-マ行 連体形-撥音便,1,1
ナンバーワン,ナンバーワン,ナンバーワン,名詞 固有名詞 一般 * * *,1,1
ニックネーム,ニックネーム,ニックネーム,名詞 普通名詞 一般 * * *,1,1
ハッ,ハッ,はっ,感動詞 一般 * * * *,1,1
ハハハハハ,ハハハハハ,ハハハハハ,名詞 普通名詞 一般 * * *,1,1
バレ,バレる,ばれる,動詞 一般 * * 下一段-ラ行 連用形-一般,1,1
パト,パト,パト,名詞 固有名詞 人名 一般 * *,1,1
パニクり,パニクる,パニクる,動詞 一般 * * 五段-ラ行 連用形-一般,1,1
ヒーロー,ヒーロー,ヒーロー,名詞 普通名詞 一般 * * *,1,1
ピアノ,ピアノ,ピアノ,名詞 普通名詞 一般 * * *,1,1
フウ,フウ,フウ,名詞 普通名詞 一般 * * *,1,1
フェスティバル,フェスティバル,フェスティバル,名詞 普通名詞 一般 * * *,1,1
フッ,フッ,ふっ,副詞 * * * * *,1,1
フフ,フフ,ふふ,感動詞 一般 * * * *,1,1
フフッ,フフッ,ふふ,感動詞 一般 * * * *,1,1
フリー,フリー,フリー,名詞 普通名詞 形状詞可能 * * *,1,1
フンッ,フンッ,フンッ,名詞 普通名詞 一般 * * *,1,1
ブラボー,ブラボー,ブラボー,名詞 普通名詞 一般 * * *,1,1
ブレーキ,ブレーキ,ブレーキ,名詞 普通名詞 一般 * * *,1,1
プラン,プラン,プラン,名詞 普通名詞 一般 * * *,1,1
ヘッ,ヘッ,へえ,感動詞 一般 * * * *,1,1
ヘヘッ,ヘヘッ,ヘヘッ,名詞 普通名詞 一般 * * *,1,1
ヘヘヘッ,ヘヘヘッ,へへへ,感動詞 一般 * * * *,1,1
ベテラン,ベテラン,ベテラン,名詞 普通名詞 一般 * * *,1,1
ペイント,ペイント,ペイント,名詞 普通名詞 サ変可能 * * *,1,1
ホテル,ホテル,ホテル,名詞 普通名詞 一般 * * *,1,1
マシ,マシ,増し,形状詞 一般 * * * *,1,1
マズい,マズい,不味い,形容詞 一般 * * 形容詞 終止形-一般,1,1
ミュージック,ミュージック,ミュージック,名詞 普通名詞 一般 * * *,1,1
メスカリン,メスカリン,メスカリン,名詞 普通名詞 一般 * * *,1,1
ヤク,ヤク,ヤク,名詞 固有名詞 地名 一般 * *,1,1
ヤッベ,ヤッベ,ヤッベ,名詞 普通名詞 一般 * * *,1,1
ヤバい,ヤバい,やばい,形容詞 一般 * * 形容詞 終止形-一般,1,1
ヤマ,ヤマ,山,名詞 普通名詞 一般 * * *,1,1
ヤンチャ,ヤンチャ,やんちゃ,名詞 普通名詞 形状詞可能 * * *,1,1
ヨ,ヨ,よ,助詞 終助詞 * * * *,1,1
レストラン,レストラン,レストラン,名詞 普通名詞 一般 * * *,1,1
ロング,ロング,ロング,名詞 普通名詞 一般 * * *,1,1
ワイド,ワイド,ワイド,名詞 普通名詞 形状詞可能 * * *,1,1
一回,一回,一回,名詞 普通名詞 一般 * * *,1,1
一瞬,一瞬,一瞬,名詞 普通名詞 副詞可能 * * *,1,1
万引き,万引き,万引き,名詞 普通名詞 サ変可能 * * *,1,1
万札,万札,万札,名詞 普通名詞 一般 * * *,1,1
三樹夫,三樹夫,三樹夫,名詞 固有名詞 人名 名 * *,1,1
上げ,上げる,上げる,動詞 非自立可能 * * 下一段-ガ行 連用形-一般,1,1
上げろ,上げる,上げる,動詞 非自立可能 * * 下一段-ガ行 命令形,1,1
下っ端,下っ端,下っ端,名詞 普通名詞 一般 * * *,1,1
下車,下車,下車,名詞 普通名詞 サ変可能 * * *,1,1
並み,並み,並み,接尾辞 名詞的 一般 * * *,1,1
中,中,中,接尾辞 名詞的 副詞可能 * * *,1,1
中央,中央,中央,名詞 普通名詞 一般 * * *,1,1
乗っ,乗る,乗る,動詞 一般 * * 五段-ラ行 連用形-促音便,1,1
乗り回し,乗り回す,乗り回す,動詞 一般 * * 五段-サ行 連用形-一般,1,1
乗り込む,乗り込む,乗り込む,動詞 一般 * * 五段-マ行 連体形-一般,1,1
乗る,乗る,乗る,動詞 一般 * * 五段-ラ行 連体形-一般,1,1
予告,予告,予告,名詞 普通名詞 サ変可能 * * *,1,1
事前,事前,事前,名詞 普通名詞 一般 * * *,1,1
事務所,事務所,事務所,名詞 普通名詞 一般 * * *,1,1
事実上,事実上,事実上,名詞 普通名詞 一般 * * *,1,1
事情,事情,事情,名詞 普通名詞 一般 * * *,1,1
二,二,2,名詞 数詞 * * * *,1,1
京橋,京橋,京橋,名詞 固有名詞 地名 一般 * *,1,1
人々,人々,人々,名詞 普通名詞 一般 * * *,1,1
人命,人命,人命,名詞 普通名詞 一般 * * *,1,1
人手,人手,人手,名詞 普通名詞 一般 * * *,1,1
今回,今回,今回,名詞 普通名詞 副詞可能 * * *,1,1
仕事,仕事,仕事,名詞 普通名詞 サ変可能 * * *,1,1
仕切っ,仕切る,仕切る,動詞 一般 * * 五段-ラ行 連用形-促音便,1,1
付い,付く,付く,動詞 非自立可能 * * 五段-カ行 連用形-イ音便,1,1
付け,付け,付け,名詞 普通名詞 一般 * * *,1,1
代表,代表,代表,名詞 普通名詞 サ変可能 * * *,1,1
以上,以上,以上,名詞 普通名詞 副詞可能 * * *,1,1
以来,以来,以来,名詞 普通名詞 副詞可能 * * *,1,1
仰々しい,仰々しい,仰々しい,形容詞 一般 * * 形容詞 連体形-一般,1,1
仲間,仲間,仲間,名詞 普通名詞 一般 * * *,1,1
会員,会員,会員,名詞 普通名詞 一般 * * *,1,1
伝え,伝える,伝える,動詞 一般 * * 下一段-ア行 連用形-一般,1,1
住民,住民,住民,名詞 普通名詞 一般 * * *,1,1
佐伯,佐伯,佐伯,名詞 固有名詞 人名 姓 * *,1,1
何時ごろ,何時ごろ,何時頃,名詞 普通名詞 副詞可能 * * *,1,1
余罪,余罪,余罪,名詞 普通名詞 一般 * * *,1,1
作っ,作る,作る,動詞 一般 * * 五段-ラ行 連用形-促音便,1,1
作品,作品,作品,名詞 普通名詞 一般 * * *,1,1
使い込ん,使い込む,使い込む,動詞 一般 * * 五段-マ行 連用形-撥音便,1,1
例,例,例,名詞 普通名詞 一般 * * *,1,1
信号機,信号機,信号機,名詞 普通名詞 一般 * * *,1,1
借り,借り,借り,名詞 普通名詞 一般 * * *,1,1
値,値,値,名詞 普通名詞 サ変可能 * * *,1,1
働い,働く,働く,動詞 一般 * * 五段-カ行 連用形-イ音便,1,1
元気,元気,元気,名詞 普通名詞 形状詞可能 * * *,1,1
先,先,先,名詞 普通名詞 副詞可能 * * *,1,1
先日,先日,先日,名詞 普通名詞 副詞可能 * * *,1,1
先輩,先輩,先輩,名詞 普通名詞 一般 * * *,1,1
入っ,入る,入る,動詞 一般 * * 五段-ラ行 連用形-促音便,1,1
入ら,入る,入る,動詞 一般 * * 五段-ラ行 未然形-一般,1,1
入り,入る,入る,動詞 一般 * * 五段-ラ行 連用形-一般,1,1
入る,入る,入る,動詞 一般 * * 五段-ラ行 連体形-一般,1,1
入れ,入れる,入れる,動詞 一般 * * 下一段-ラ行 連用形-一般,1,1
入金,入金,入金,名詞 普通名詞 サ変可能 * * *,1,1
全部,全部,全部,名詞 普通名詞 副詞可能 * * *,1,1
公務,公務,公務,名詞 普通名詞 一般 * * *,1,1
公園,公園,公園,名詞 普通名詞 一般 * * *,1,1
内偵,内偵,内偵,名詞 普通名詞 サ変可能 * * *,1,1
再び,再び,再び,副詞 * * * * *,1,1
出し,出す,出す,動詞 非自立可能 * * 五段-サ行 連用形-一般,1,1
出す,出す,出す,動詞 非自立可能 * * 五段-サ行 連体形-一般,1,1
出席,出席,出席,名詞 普通名詞 サ変可能 * * *,1,1
分,分,分,名詞 普通名詞 副詞可能 * * *,1,1
分かり,分かる,分かる,動詞 一般 * * 五段-ラ行 連用形-一般,1,1
分かる,分かる,分かる,動詞 一般 * * 五段-ラ行 終止形-一般,1,1
分かん,分かる,分かる,動詞 一般 * * 五段-ラ行 未然形-撥音便,1,1
刑事,刑事,刑事,名詞 普通名詞 一般 * * *,1,1
制,制,制,接尾辞 名詞的 一般 * * *,1,1
前後,前後,前後,名詞 普通名詞 副詞可能 * * *,1,1
勇太,勇太,勇太,名詞 固有名詞 人名 名 * *,1,1
動物,動物,動物,名詞 普通名詞 一般 * * *,1,1
勘弁,勘弁,勘弁,名詞 普通名詞 サ変可能 * * *,1,1
勝,勝,勝,名詞 固有名詞 人名 名 * *,1,1
勝どき,勝どき,勝どき,名詞 固有名詞 地名 一般 * *,1,1
勝手,勝手,勝手,名詞 普通名詞 形状詞可能 * * *,1,1
勝手に,勝手に,勝手に,副詞 * * * * *,1,1
勤労意欲,勤労意欲,勤労意欲,名詞 普通名詞 一般 * * *,1,1
勧告,勧告,勧告,名詞 普通名詞 サ変可能 * * *,1,1
匹,匹,匹,接尾辞 名詞的 助数詞 * * *,1,1
十分,十分,十分,形状詞 一般 * * * *,1,1
午前,午前,午前,名詞 普通名詞 副詞可能 * * *,1,1
半端,半端,半端,名詞 普通名詞 形状詞可能 * * *,1,1
協力,協力,協力,名詞 普通名詞 サ変可能 * * *,1,1
危ない,危ない,危ない,形容詞 一般 * * 形容詞 終止形-一般,1,1
危なかっ,危ない,危ない,形容詞 一般 * * 形容詞 連用形-促音便,1,1
卸し,卸す,卸す,動詞 一般 * * 五段-サ行 連用形-一般,1,1
参加,参加,参加,名詞 普通名詞 サ変可能 * * *,1,1
取る,取る,取る,動詞 一般 * * 五段-ラ行 連体形-一般,1,1
受け,受ける,受ける,動詞 一般 * * 下一段-カ行 連用形-一般,1,1
口裏,口裏,口裏,名詞 普通名詞 一般 * * *,1,1
叱っ,叱る,叱る,動詞 一般 * * 五段-ラ行 連用形-促音便,1,1
合わせろ,合わせる,合う,動詞 一般 * * 下一段-サ行 命令形,1,1
合体,合体,合体,名詞 普通名詞 サ変可能 * * *,1,1
合言葉,合言葉,合い言葉,名詞 普通名詞 一般 * * *,1,1
同行,同行,同行,名詞 普通名詞 サ変可能 * * *,1,1
名,名,名,名詞 普通名詞 一般 * * *,1,1
吐い,吐く,吐く,動詞 一般 * * 五段-カ行 連用形-イ音便,1,1
君,君,君,代名詞 * * * * *,1,1
呼ば,呼ぶ,呼ぶ,動詞 一般 * * 五段-バ行 未然形-一般,1,1
品川,品川,品川,名詞 固有名詞 地名 一般 * *,1,1
唯,唯,唯,接続詞 * * * * *,1,1
回っ,回る,回る,動詞 非自立可能 * * 五段-ラ行 連用形-促音便,1,1
固い,固い,固い,形容詞 一般 * * 形容詞 終止形-一般,1,1
固まり,固まる,固まる,動詞 一般 * * 五段-ラ行 連用形-一般,1,1
国王,国王,国王,名詞 普通名詞 一般 * * *,1,1
国際,国際,国際,名詞 普通名詞 一般 * * *,1,1
地下鉄,地下鉄,地下鉄,名詞 普通名詞 一般 * * *,1,1
地域,地域,地域,名詞 普通名詞 一般 * * *,1,1
坊,坊,坊,名詞 普通名詞 一般 * * *,1,1
垢,垢,垢,名詞 普通名詞 一般 * * *,1,1
執事,執事,執事,名詞 普通名詞 一般 * * *,1,1
執行,執行,執行,名詞 普通名詞 サ変可能 * * *,1,1
報道,報道,報道,名詞 普通名詞 サ変可能 * * *,1,1
境,境,境,名詞 普通名詞 一般 * * *,1,1
壊滅,壊滅,壊滅,名詞 普通名詞 サ変可能 * * *,1,1
売っ,売る,売る,動詞 一般 * * 五段-ラ行 連用形-促音便,1,1
変わっ,変わる,変わる,動詞 一般 * * 五段-ラ行 連用形-促音便,1,1
多,多い,多い,形容詞 一般 * * 形容詞 語幹-一般,1,1
多分,多分,多分,副詞 * * * * *,1,1
大げさ,大げさ,大袈裟,形状詞 一般 * * * *,1,1
大して,大して,大して,副詞 * * * * *,1,1
大人,大人,大人,名詞 普通名詞 一般 * * *,1,1
女の子,女の子,女の子,名詞 普通名詞 一般 * * *,1,1
女優,女優,女優,名詞 普通名詞 一般 * * *,1,1
好き,好き,好き,形状詞 一般 * * * *,1,1
妨害,妨害,妨害,名詞 普通名詞 サ変可能 * * *,1,1
始末書,始末書,始末書,名詞 普通名詞 一般 * * *,1,1
嫌い,嫌い,嫌い,名詞 普通名詞 形状詞可能 * * *,1,1
子供,子供,子供,名詞 普通名詞 一般 * * *,1,1
安い,安い,安い,形容詞 一般 * * 形容詞 連体形-一般,1,1
官邸,官邸,官邸,名詞 普通名詞 一般 * * *,1,1
実質的,実質的,実質的,名詞 普通名詞 形状詞可能 * * *,1,1
客,客,客,名詞 普通名詞 一般 * * *,1,1
容疑,容疑,容疑,名詞 普通名詞 一般 * * *,1,1
専門的,専門的,専門的,名詞 普通名詞 形状詞可能 * * *,1,1
小切手,小切手,小切手,名詞 普通名詞 一般 * * *,1,1
小声,小声,小声,名詞 普通名詞 一般 * * *,1,1
少なく,少ない,少ない,形容詞 一般 * * 形容詞 連用形-一般,1,1
局所,局所,局所,名詞 普通名詞 一般 * * *,1,1
屋,屋,屋,接尾辞 名詞的 一般 * * *,1,1
屋上,屋上,屋上,名詞 普通名詞 一般 * * *,1,1
川,川,川,名詞 普通名詞 一般 * * *,1,1
差し掛かり,差し掛かる,差し掛かる,動詞 一般 * * 五段-ラ行 連用形-一般,1,1
巻き込ま,巻き込む,巻き込む,動詞 一般 * * 五段-マ行 未然形-一般,1,1
巻き込ん,巻き込む,巻き込む,動詞 一般 * * 五段-マ行 連用形-撥音便,1,1
席,席,席,名詞 普通名詞 一般 * * *,1,1
帰る,帰る,帰る,動詞 一般 * * 五段-ラ行 終止形-一般,1,1
年,年,年,名詞 普通名詞 助数詞可能 * * *,1,1
幸せ,幸せ,幸せ,名詞 普通名詞 形状詞可能 * * *,1,1
幼年,幼年,幼年,名詞 普通名詞 一般 * * *,1,1
広がり,広がる,広がる,動詞 一般 * * 五段-ラ行 連用形-一般,1,1
店,店,店,接尾辞 名詞的 一般 * * *,1,1
引き出す,引き出す,引き出す,動詞 一般 * * 五段-サ行 終止形-一般,1,1
強盗,強盗,強盗,名詞 普通名詞 一般 * * *,1,1
弾,弾,弾,接尾辞 名詞的 一般 * * *,1,1
当たり前,当たり前,当たり前,形状詞 一般 * * * *,1,1
当店,当店,当店,名詞 普通名詞 一般 * * *,1,1
待っ,待つ,待つ,動詞 一般 * * 五段-タ行 連用形-促音便,1,1
後,後,後,接尾辞 名詞的 副詞可能 * * *,1,1
必死,必死,必死,形状詞 一般 * * * *,1,1
応援,応援,応援,名詞 普通名詞 サ変可能 * * *,1,1
怒声,怒声,怒声,名詞 普通名詞 一般 * * *,1,1
思え,思える,思う,動詞 一般 * * 下一段-ア行 連用形-一般,1,1
急,急,急,名詞 普通名詞 形状詞可能 * * *,1,1
息子,息子,息子,名詞 普通名詞 一般 * * *,1,1
悪い,悪い,悪い,形容詞 一般 * * 形容詞 連体形-一般,1,1
悪かっ,悪い,悪い,形容詞 一般 * * 形容詞 連用形-促音便,1,1
情けねえ,情けない,情けない,形容詞 一般 * * 形容詞 終止形-一般,1,1
意味,意味,意味,名詞 普通名詞 サ変可能 * * *,1,1
感じ,感じ,感じ,名詞 普通名詞 一般 * * *,1,1
懸かっ,懸かる,掛かる,動詞 非自立可能 * * 五段-ラ行 連用形-促音便,1,1
懸けれる,懸けれる,掛ける,動詞 一般 * * 下一段-ラ行 連体形-一般,1,1
戻り,戻り,戻り,名詞 普通名詞 一般 * * *,1,1
所,所,所,名詞 普通名詞 副詞可能 * * *,1,1
手ぇ,手ぇ,手,名詞 普通名詞 助数詞可能 * * *,1,1
手間,手間,手間,名詞 普通名詞 一般 * * *,1,1
折り合い,折り合い,折り合い,名詞 普通名詞 一般 * * *,1,1
抜い,抜く,抜く,動詞 非自立可能 * * 五段-カ行 連用形-イ音便,1,1
担当,担当,担当,名詞 普通名詞 サ変可能 * * *,1,1
拝命,拝命,拝命,名詞 普通名詞 サ変可能 * * *,1,1
持っ,持つ,持つ,動詞 一般 * * 五段-タ行 連用形-促音便,1,1
持つ,持つ,持つ,動詞 一般 * * 五段-タ行 終止形-一般,1,1
振りかざす,振りかざす,振り翳す,動詞 一般 * * 五段-サ行 連体形-一般,1,1
振り込ま,振り込む,振り込む,動詞 一般 * * 五段-マ行 未然形-一般,1,1
捕まえる,捕まえる,捕まえる,動詞 一般 * * 下一段-ア行 連体形-一般,1,1
捕まえろ,捕まえる,捕まえる,動詞 一般 * * 下一段-ア行 命令形,1,1
捜し,捜す,探す,動詞 一般 * * 五段-サ行 連用形-一般,1,1
排除,排除,排除,名詞 普通名詞 サ変可能 * * *,1,1
探偵,探偵,探偵,名詞 普通名詞 サ変可能 * * *,1,1
損なう,損なう,損なう,動詞 非自立可能 * * 五段-ワア行 連体形-一般,1,1
損害額,損害額,損害額,名詞 普通名詞 一般 * * *,1,1
撃て,撃てる,打つ,動詞 一般 * * 下一段-タ行 未然形-一般,1,1
支払わ,支払う,支払う,動詞 一般 * * 五段-ワア行 未然形-一般,1,1
放し,放す,放す,動詞 一般 * * 五段-サ行 連用形-一般,1,1
政治,政治,政治,名詞 普通名詞 一般 * * *,1,1
故障,故障,故障,名詞 普通名詞 サ変可能 * * *,1,1
文秋,文秋,文秋,名詞 固有名詞 人名 名 * *,1,1
断り,断る,断る,動詞 一般 * * 五段-ラ行 連用形-一般,1,1
新大塚,新大塚,新大塚,名詞 固有名詞 地名 一般 * *,1,1
新宿,新宿,新宿,名詞 固有名詞 地名 一般 * *,1,1
新崎,新崎,新崎,名詞 固有名詞 人名 姓 * *,1,1
新橋,新橋,新橋,名詞 固有名詞 地名 一般 * *,1,1
新発売,新発売,新発売,名詞 普通名詞 一般 * * *,1,1
方,方,方,名詞 普通名詞 一般 * * *,1,1
旅,旅,旅,名詞 普通名詞 サ変可能 * * *,1,1
日,日,日,名詞 普通名詞 副詞可能 * * *,1,1
日々,日々,日々,名詞 普通名詞 副詞可能 * * *,1,1
日本,日本,日本,名詞 固有名詞 地名 国 * *,1,1
早晩,早晩,早晩,副詞 * * * * *,1,1
昨日,昨日,昨日,名詞 普通名詞 副詞可能 * * *,1,1
時代,時代,時代,名詞 普通名詞 一般 * * *,1,1
時間,時間,時間,名詞 普通名詞 助数詞可能 * * *,1,1
普通,普通,普通,名詞 普通名詞 形状詞可能 * * *,1,1
暇,暇,暇,名詞 普通名詞 形状詞可能 * * *,1,1
最悪,最悪,最悪,名詞 普通名詞 形状詞可能 * * *,1,1
最近,最近,最近,名詞 普通名詞 副詞可能 * * *,1,1
望む,望む,望む,動詞 一般 * * 五段-マ行 終止形-一般,1,1
朝,朝,朝,名詞 普通名詞 副詞可能 * * *,1,1
本当,本当,本当,名詞 普通名詞 一般 * * *,1,1
本日,本日,本日,名詞 普通名詞 副詞可能 * * *,1,1
本気,本気,本気,名詞 普通名詞 形状詞可能 * * *,1,1
来い,来る,来る,動詞 非自立可能 * * カ行変格 命令形,1,1
来日,来日,来日,名詞 普通名詞 サ変可能 * * *,1,1
東京駅,東京駅,東京駅,名詞 固有名詞 一般 * * *,1,1
東大,東大,東大,名詞 固有名詞 一般 * * *,1,1
案内,案内,案内,名詞 普通名詞 サ変可能 * * *,1,1
検挙,検挙,検挙,名詞 普通名詞 サ変可能 * * *,1,1
楽しみ,楽しみ,楽しみ,名詞 普通名詞 一般 * * *,1,1
横やり,横やり,横槍,名詞 普通名詞 一般 * * *,1,1
機械,機械,機械,名詞 普通名詞 一般 * * *,1,1
次期,次期,次期,名詞 普通名詞 一般 * * *,1,1
歌舞伎町,歌舞伎町,歌舞伎町,名詞 固有名詞 地名 一般 * *,1,1
止まれ,止まる,止まる,動詞 一般 * * 五段-ラ行 命令形,1,1
止めろ,止める,止める,動詞 一般 * * 下一段-マ行 命令形,1,1
正体,正体,正体,名詞 普通名詞 一般 * * *,1,1
正義,正義,正義,名詞 固有名詞 人名 名 * *,1,1
正義,正義,正義,名詞 普通名詞 一般 * * *,1,1
死ん,死ぬ,死ぬ,動詞 一般 * * 五段-ナ行 連用形-撥音便,1,1
殺し,殺し,殺し,名詞 普通名詞 一般 * * *,1,1
殺害,殺害,殺害,名詞 普通名詞 サ変可能 * * *,1,1
母,母,母,名詞 普通名詞 一般 * * *,1,1
毒,毒,毒,名詞 普通名詞 一般 * * *,1,1
比率,比率,比率,名詞 普通名詞 一般 * * *,1,1
気,気,気,名詞 普通名詞 一般 * * *,1,1
水曜,水曜,水曜,名詞 普通名詞 副詞可能 * * *,1,1
派手,派手,派手,名詞 普通名詞 形状詞可能 * * *,1,1
清純,清純,清純,名詞 普通名詞 形状詞可能 * * *,1,1
済み,済み,済み,接尾辞 名詞的 一般 * * *,1,1
減っ,減る,減る,動詞 一般 * * 五段-ラ行 連用形-促音便,1,1
港区新橋,港区新橋,港区新橋,名詞 固有名詞 地名 一般 * *,1,1
湯本,湯本,湯本,名詞 固有名詞 地名 一般 * *,1,1
演奏,演奏,演奏,名詞 普通名詞 サ変可能 * * *,1,1
潰し,潰す,潰す,動詞 一般 * * 五段-サ行 連用形-一般,1,1
潰す,潰す,潰す,動詞 一般 * * 五段-サ行 終止形-一般,1,1
無事,無事,無事,名詞 普通名詞 副詞可能 * * *,1,1
煎じ,煎ずる,煎ずる,動詞 一般 * * サ行変格 連用形-一般,1,1
煙,煙,煙,名詞 普通名詞 一般 * * *,1,1
爪,爪,爪,名詞 普通名詞 一般 * * *,1,1
父,父,父,名詞 普通名詞 一般 * * *,1,1
特に,特に,特に,副詞 * * * * *,1,1
犯,犯,犯,接尾辞 名詞的 一般 * * *,1,1
犯罪,犯罪,犯罪,名詞 普通名詞 一般 * * *,1,1
犯罪者,犯罪者,犯罪者,名詞 普通名詞 一般 * * *,1,1
犯行,犯行,犯行,名詞 普通名詞 一般 * * *,1,1
狂,狂,狂,接尾辞 名詞的 一般 * * *,1,1
王子,王子,王子,名詞 固有名詞 地名 一般 * *,1,1
王子,王子,王子,名詞 固有名詞 一般 * * *,1,1
現在,現在,現在,名詞 普通名詞 副詞可能 * * *,1,1
現在地,現在地,現在地,名詞 普通名詞 一般 * * *,1,1
現場,現場,現場,名詞 普通名詞 一般 * * *,1,1
現行犯,現行犯,現行犯,名詞 普通名詞 一般 * * *,1,1
甘く,甘い,甘い,形容詞 一般 * * 形容詞 連用形-一般,1,1
生きる,生きる,生きる,動詞 一般 * * 上一段-カ行 連体形-一般,1,1
申し,申す,申す,動詞 一般 * * 五段-サ行 連用形-一般,1,1
異動,異動,異動,名詞 普通名詞 一般 * * *,1,1
疑っ,疑う,疑う,動詞 一般 * * 五段-ワア行 連用形-促音便,1,1
疲れ,疲れ,疲れ,名詞 普通名詞 一般 * * *,1,1
発射,発射,発射,名詞 普通名詞 サ変可能 * * *,1,1
発砲,発砲,発砲,名詞 普通名詞 サ変可能 * * *,1,1
発見,発見,発見,名詞 普通名詞 サ変可能 * * *,1,1
的,的,的,接尾辞 形状詞的 * * * *,1,1
目標,目標,目標,名詞 普通名詞 一般 * * *,1,1
相場,相場,相場,名詞 普通名詞 一般 * * *,1,1
相変わらず,相変わらず,相変わらず,名詞 普通名詞 副詞可能 * * *,1,1
相当,相当,相当,名詞 普通名詞 サ変可能 * * *,1,1
相手,相手,相手,名詞 普通名詞 一般 * * *,1,1
相方,相方,相方,名詞 普通名詞 一般 * * *,1,1
真面目,真面目,真面目,形状詞 一般 * * * *,1,1
知っ,知る,知る,動詞 一般 * * 五段-ラ行 連用形-促音便,1,1
知り合い,知り合い,知り合い,名詞 普通名詞 一般 * * *,1,1
知る,知る,知る,動詞 一般 * * 五段-ラ行 終止形-一般,1,1
確か,確か,確か,形状詞 一般 * * * *,1,1
確認,確認,確認,名詞 普通名詞 サ変可能 * * *,1,1
私,私,私,代名詞 * * * * *,1,1
稼ぎ,稼ぎ,稼ぎ,名詞 普通名詞 一般 * * *,1,1
窓,窓,窓,名詞 普通名詞 一般 * * *,1,1
立て,立てる,立つ,動詞 一般 * * 下一段-タ行 連用形-一般,1,1
立てこもり,立てこもり,立て籠り,名詞 普通名詞 一般 * * *,1,1
第,第,第,接頭辞 * * * * *,1,1
系,系,系,接尾辞 名詞的 一般 * * *,1,1
純度,純度,純度,名詞 普通名詞 一般 * * *,1,1
純情,純情,純情,名詞 普通名詞 形状詞可能 * * *,1,1
組ん,組む,組む,動詞 一般 * * 五段-マ行 連用形-撥音便,1,1
経験値,経験値,経験値,名詞 普通名詞 一般 * * *,1,1
絞め技,絞め技,絞め技,名詞 普通名詞 一般 * * *,1,1
給料,給料,給料,名詞 普通名詞 一般 * * *,1,1
絶対,絶対,絶対,名詞 普通名詞 副詞可能 * * *,1,1
緊急,緊急,緊急,名詞 普通名詞 形状詞可能 * * *,1,1
繰り返し,繰り返す,繰り返す,動詞 一般 * * 五段-サ行 連用形-一般,1,1
繰り返す,繰り返す,繰り返す,動詞 一般 * * 五段-サ行 終止形-一般,1,1
翌日,翌日,翌日,名詞 普通名詞 副詞可能 * * *,1,1
老人,老人,老人,名詞 普通名詞 一般 * * *,1,1
考え,考える,考える,動詞 一般 * * 下一段-ア行 連用形-一般,1,1
者,者,者,接尾辞 名詞的 一般 * * *,1,1
耳,耳,耳,名詞 普通名詞 一般 * * *,1,1
聞き,聞く,聞く,動詞 一般 * * 五段-カ行 連用形-一般,1,1
聞き出し,聞き出す,聞き出す,動詞 一般 * * 五段-サ行 連用形-一般,1,1
職務,職務,職務,名詞 普通名詞 一般 * * *,1,1
肥やし,肥やし,肥やし,名詞 普通名詞 一般 * * *,1,1
育て上げ,育て上げる,育て上げる,動詞 一般 * * 下一段-ガ行 連用形-一般,1,1
脅し,脅す,脅す,動詞 一般 * * 五段-サ行 連用形-一般,1,1
腹,腹,腹,名詞 普通名詞 一般 * * *,1,1
自分,自分,自分,名詞 普通名詞 一般 * * *,1,1
自壊,自壊,自壊,名詞 普通名詞 サ変可能 * * *,1,1
自宅,自宅,自宅,名詞 普通名詞 一般 * * *,1,1
自白,自白,自白,名詞 普通名詞 サ変可能 * * *,1,1
臭い,臭い,臭い,形容詞 一般 * * 形容詞 終止形-一般,1,1
良い,良い,良い,形容詞 非自立可能 * * 形容詞 連体形-一般,1,1
良さ,良い,良い,形容詞 非自立可能 * * 形容詞 語幹-サ,1,1
芸,芸,芸,名詞 普通名詞 一般 * * *,1,1
若造,若造,若僧,名詞 普通名詞 一般 * * *,1,1
落とさ,落とす,落とす,動詞 一般 * * 五段-サ行 未然形-一般,1,1
落とす,落とす,落とす,動詞 一般 * * 五段-サ行 終止形-一般,1,1
行きがけ,行きがけ,行き掛け,名詞 普通名詞 一般 * * *,1,1
行く,行く,行く,動詞 非自立可能 * * 五段-カ行 連体形-一般,1,1
行こう,行く,行く,動詞 非自立可能 * * 五段-カ行 意志推量形,1,1
行わ,行う,行う,動詞 一般 * * 五段-ワア行 未然形-一般,1,1
被害,被害,被害,名詞 普通名詞 一般 * * *,1,1
装甲車,装甲車,装甲車,名詞 普通名詞 一般 * * *,1,1
裏切,裏切,裏切り,名詞 普通名詞 一般 * * *,1,1
補償,補償,補償,名詞 普通名詞 サ変可能 * * *,1,1
見つかっ,見つかる,見付かる,動詞 一般 * * 五段-ラ行 連用形-促音便,1,1
見当,見当,見当,名詞 普通名詞 一般 * * *,1,1
見捨て,見捨てる,見捨てる,動詞 一般 * * 下一段-タ行 未然形-一般,1,1
見捨てん,見捨てる,見捨てる,動詞 一般 * * 下一段-タ行 連体形-撥音便,1,1
見過ごせ,見過ごせる,見過ごす,動詞 一般 * * 下一段-サ行 未然形-一般,1,1
覚え,覚える,覚える,動詞 一般 * * 下一段-ア行 未然形-一般,1,1
言い値,言い値,言い値,名詞 普通名詞 一般 * * *,1,1
言う,言う,言う,動詞 一般 * * 五段-ワア行 終止形-一般,1,1
記者,記者,記者,名詞 普通名詞 一般 * * *,1,1
訳,訳,訳,名詞 普通名詞 一般 * * *,1,1
話し,話す,話す,動詞 一般 * * 五段-サ行 連用形-一般,1,1
話し声,話し声,話し声,名詞 普通名詞 一般 * * *,1,1
詳しい,詳しい,詳しい,形容詞 一般 * * 形容詞 連体形-一般,1,1
詳しく,詳しい,詳しい,形容詞 一般 * * 形容詞 連用形-一般,1,1
認める,認める,認める,動詞 一般 * * 下一段-マ行 終止形-一般,1,1
誘導,誘導,誘導,名詞 普通名詞 サ変可能 * * *,1,1
誤っ,誤る,誤る,動詞 一般 * * 五段-ラ行 連用形-促音便,1,1
警部補,警部補,警部補,名詞 普通名詞 一般 * * *,1,1
貢い,貢ぐ,貢ぐ,動詞 一般 * * 五段-ガ行 連用形-イ音便,1,1
責任,責任,責任,名詞 普通名詞 一般 * * *,1,1
買いあさっ,買いあさる,買い漁る,動詞 一般 * * 五段-ラ行 連用形-促音便,1,1
買い上げる,買い上げる,買い上げる,動詞 一般 * * 下一段-ガ行 終止形-一般,1,1
買おう,買う,買う,動詞 一般 * * 五段-ワア行 意志推量形,1,1
買収,買収,買収,名詞 普通名詞 サ変可能 * * *,1,1
貸せ,貸す,貸す,動詞 一般 * * 五段-サ行 命令形,1,1
超え,超える,越える,動詞 一般 * * 下一段-ア行 連用形-一般,1,1
踏み切る,踏み切る,踏み切る,動詞 一般 * * 五段-ラ行 連体形-一般,1,1
車,車,車,接尾辞 名詞的 一般 * * *,1,1
辺,辺,辺,名詞 普通名詞 一般 * * *,1,1
迂回,迂回,迂回,名詞 普通名詞 サ変可能 * * *,1,1
近々,近々,近々,名詞 普通名詞 副詞可能 * * *,1,1
返す,返す,返す,動詞 一般 * * 五段-サ行 終止形-一般,1,1
迷子,迷子,迷子,名詞 普通名詞 一般 * * *,1,1
追っ,追う,追う,動詞 一般 * * 五段-ワア行 連用形-促音便,1,1
追放,追放,追放,名詞 普通名詞 サ変可能 * * *,1,1
退屈,退屈,退屈,名詞 普通名詞 サ変形状詞可能 * * *,1,1
逃げ,逃げる,逃げる,動詞 一般 * * 下一段-ガ行 連用形-一般,1,1
通り,通り,通り,名詞 普通名詞 助数詞可能 * * *,1,1
通知,通知,通知,名詞 普通名詞 サ変可能 * * *,1,1
連中,連中,連中,名詞 普通名詞 一般 * * *,1,1
週刊,週刊,週刊,名詞 普通名詞 一般 * * *,1,1
週末,週末,週末,名詞 普通名詞 副詞可能 * * *,1,1
過ぎ,過ぎ,過ぎ,接尾辞 形状詞的 * * * *,1,1
違う,違う,違う,動詞 一般 * * 五段-ワア行 連体形-一般,1,1
適当,適当,適当,名詞 普通名詞 サ変形状詞可能 * * *,1,1
避難,避難,避難,名詞 普通名詞 サ変可能 * * *,1,1
郎,郎,郎,名詞 普通名詞 一般 * * *,1,1
部外者,部外者,部外者,名詞 普通名詞 一般 * * *,1,1
部署,部署,部署,名詞 普通名詞 一般 * * *,1,1
重傷,重傷,重傷,名詞 普通名詞 一般 * * *,1,1
金額,金額,金額,名詞 普通名詞 一般 * * *,1,1
鈴江,鈴江,鈴江,名詞 固有名詞 人名 姓 * *,1,1
銀座一丁目,銀座一丁目,銀座一丁目,名詞 固有名詞 地名 一般 * *,1,1
銃,銃,銃,名詞 普通名詞 一般 * * *,1,1
銃声,銃声,銃声,名詞 普通名詞 一般 * * *,1,1
長,長,長,接尾辞 名詞的 一般 * * *,1,1
長,長,長,名詞 固有名詞 人名 姓 * *,1,1
閉まる,閉まる,締まる,動詞 一般 * * 五段-ラ行 連体形-一般,1,1
開か,開く,開く,動詞 一般 * * 五段-カ行 未然形-一般,1,1
開けろ,開ける,開く,動詞 一般 * * 下一段-カ行 命令形,1,1
間に合わ,間に合う,間に合う,動詞 一般 * * 五段-ワア行 未然形-一般,1,1
降りろ,降りる,下りる,動詞 一般 * * 上一段-ラ行 命令形,1,1
際,際,際,名詞 普通名詞 副詞可能 * * *,1,1
集め,集める,集める,動詞 一般 * * 下一段-マ行 連用形-一般,1,1
預かっ,預かる,預かる,動詞 一般 * * 五段-ラ行 連用形-促音便,1,1
頼っ,頼る,頼る,動詞 一般 * * 五段-ラ行 連用形-促音便,1,1
頼ん,頼む,頼む,動詞 一般 * * 五段-マ行 連用形-撥音便,1,1
顔,顔,顔,名詞 普通名詞 一般 * * *,1,1
願い,願う,願う,動詞 非自立可能 * * 五段-ワア行 連用形-一般,1,1
風呂,風呂,風呂,名詞 普通名詞 一般 * * *,1,1
飛び降りろ,飛び降りる,飛び下りる,動詞 一般 * * 上一段-ラ行 命令形,1,1
食っ,食う,食う,動詞 一般 * * 五段-ワア行 連用形-促音便,1,1
飲み,飲む,飲む,動詞 一般 * * 五段-マ行 連用形-一般,1,1
飲め,飲む,飲む,動詞 一般 * * 五段-マ行 命令形,1,1
飲ん,飲む,飲む,動詞 一般 * * 五段-マ行 連用形-撥音便,1,1
飽き,飽きる,飽きる,動詞 一般 * * 上一段-カ行 連用形-一般,1,1
香港,香港,香港,名詞 固有名詞 地名 一般 * *,1,1
駄賃,駄賃,駄賃,名詞 普通名詞 一般 * * *,1,1
駆り出さ,駆り出す,駆り出す,動詞 一般 * * 五段-サ行 未然形-一般,1,1
騒ぎ,騒ぎ,騒ぎ,名詞 普通名詞 一般 * * *,1,1
高い,高い,高い,形容詞 一般 * * 形容詞 連体形-一般,1,1
